1000 - 700 mb Precipitable Water by AIRS (11/1/05 - 11/1/06) ,13
2 Billion More Coming to Dinner ,2
20121029 EarthNow: Atlantic Tropical Update ,1
300mb Temperature by AIRS (11/1/05 - 11/1/06) ,6
500 - 100 mb Precipitable Water by AIRS (11/1/05 - 11/1/06) ,9
500mb Temperature by AIRS (11/1/05 - 11/1/06) ,10
5-Yr. Avg Global Temperature Anomalies from 1880 to 2007 ,8
5-Yr. Avg Global Temperature Anomalies from 1880 to 2012 ,8
700 - 500 mb Precipitable Water by AIRS (11/1/05 - 11/1/06) ,11
925mb Temperature by AIRS (11/1/05 - 11/1/06) ,12
A Working Waterfront: Seaports of San Pedro Bay ,14
"ACARS 24hr Wind Measurements 30,000ft to 45,000ft ",15
"ACARS 24hr Wind Measurements, surface to 30,000ft ",16
ACARS track 24hr time sequence 07-21-04 ,17
Hurricane Tracks: Cumulative 1950 - 2005 ,"614, 615, 616"
Adelita Pacific Track ,285
Aerosols: Black Carbon ,21
Aerosols: Black Carbon and Sulfate ,20
Aerosols: FIM Chem Model - August 2015 ,"467, 468"
Aerosols: FIM Chem Model - Real-time ,"465, 466"
Aerosols: FIM Chem Model ,122
Aerosols: Sulfate ,22
Age of the Sea Floor (topography) ,24
Age of the Sea Floor (vegetation) ,23
Age of the Sea Floor with Shaded Vegetation and 20my contour ,23
Age of the Sea Floor with Topography and 20my contours layer,24
Age of the Seafloor Contour Lines ,25
Age of the Seafloor Iso Lines Black ,25
Agriculture: Cropland Production Gap ,67
Agriculture: Cropland Yield (potential) ,69
Agriculture: Food vs. Feed ,134
Air Traffic ,"521, 522, 523"
All Sky Wide-field Infrared Survey Explorer Mosaic Image ,"542, 543, 544"
AMNH Known Universe ,392
Apollo 11 Montage ,"654, 655, 656"
Aquaculture ,36
Argo Buoy Tracks (depths animation),38
Argo Buoy Waterfall ,38
Ariel: Uranus Moon ,39
Atmospheric Chemistry: GEOS-5 Model ,"485, 486, 487"
Aurora ,41
Aurora by SWPC ,43
Aurora with Air Traffic ,44
Auroras in the Solar System ,42
Auroras on Earth ,41
Biosphere SeaWIFS ,478
Biosphere SeaWIFS with Carbon Dioxide Levels (ppm) ,46
Biosphere with Carbon Dioxide concentration measured at Mauna Loa ,46
Biosphere: Marine Chlorophyll Concentration and Land Vegetation ,363
Biosphere: Marine Chlorophyll Concentration and Land Vegetation ,45
Bird Migration Patterns - Western Hemisphere ,"551, 552, 553"
Blue Marble - Seasonal ,362
Blue Marble ,"526, 527, 528"
Blue Marble and Nighttime Lights ,"477, 529"
Blue Marble through Ice Ages ,437
Blue Marble with Audio (23 degree tilt) ,47
"Blue Marble: Sea Level, Ice and Vegetation Changes - 19,000BC - 10,000AD ","436, 437, 438"
Blue Marble: with Topography - Seasonal ,50
Blue Marble: with Topography and Bathymetry ,110
Blue Marble: with Topography and Bathymetry ,51
Blue Planet ,52
Buoy Locations (DART only) ,374
Buoy Locations ,433
Callisto: Jupiter's Moon ,"623, 624, 625"
Carbon Dioxide Concentration: GEOS-5 Model ,"489, 490, 491"
Carbon Flux ,54
Carbon Monoxide - 2000 ,40
CarbonTracker (2004 Carbon Plumes) ,55
Carbon Tracker: Fixed Scale - 2000 - 2015 ,"538, 539, 540"
Ceres ,"448, 449"
Ceres: Dwarf Planet ,"448, 449"
"Changing Climate, Changing Ocean ",59
Charon ,469
Charon: Pluto's Moon ,469
Charon's Geology ,461
Chile Tsunami ,60
Chile Tsunami 2014 ,60
Climate Model: Sea Ice Change (GFDL a1b) 1861 - 2100 ,"577, 578, 579"
Climate Model: Temperature Change (Hadley a1b) - 1860 - 2099 ,387
Climate Model: Temperature Change (Hadley e1) - 1860 - 2099 ,388
Climate Model: Temperature Change Comparison (GFDL a1b and b1) ,197
Climate Model: Temperture Change (CCSM b1) - 1870 - 2100 ,57
Clouds - Real-time ,327
Clouds (colorized) - Real-time ,"455, 456, 457"
Clouds (colorized) - Real-time Tilt ,"455, 456, 457"
Color Panorama from Phoenix Lander - 2008 ,"507, 508, 509"
Cooking Up a Storm ,63
COP15 Intro ,64
Coral Reef Risk Outlook ,476
"Cosmic Microwave Background dataset sequence WMAP, COBE ",65
Cosmic Microwave Background: WMAP (fifth year sequence) ,430
Cosmic Microwave Background: WMAP (first year) ,431
Cosmic Microwave Background: WMAP (third year) ,432
"Cyclone Nargis May 2, 2008 ",71
Day Night Terminator at 06z through year ,75
Day Night Terminator at 06z through year with SSEC audio ,75
Day/Night Terminator (daily) ,75
"Day/Night Terminator (daily, with audio) ",75
Deimos: Mars' Moon ,82
Delta Atlantic Track ,83
Dengue Fever - 2010 ,84
Depth of 26 degree isotherm 2005 ,85
Dione: Saturn's Moon ,86
Drought Risk - Real-time ,"683, 684, 685"
Earth Color Bright ,89
Earth Color Enhanced ,108
Earth Image with shaded Ocean ,90
Earth One Shaded ,109
Earth with Vegetation ,91
EarthNow: Tropical Widening ,100
EarthNow: What does fracking mean to you? ,101
Earthquakes - 2001-2015 ,"559, 560, 561"
Earthquakes - Real-time ,"304, 305, 306"
Earthquakes and Eruptions - 1960-2010 (with audio louder) ,454
Earthquakes: Cumulative - 1980 - 1995 ,70
Earthquake Magnitude Perspective ,"570, 571, 572"
Earthquakes of the 20th Century ,"690, 691, 692"
Earth's Green Carbon Machine ,565
Earth's Moon: LRO Diviner Surface Temperature ,93
Earth's Moon: LRO LROC WAC Mosaic ,9
Eclipse Paths 2017 to 2024 ,"582, 583, 584"
Effects to infrastructure ,368
El Nino - 1997 - 1998 ,103
EMAG2 with Iso Lines Black ,104
Enceladus: Saturn's Moon ,"642, 643, 644"
Energy Planet ,266
Energy Revolution ,267
ET Ozone Sept. 2006 - Feb. 2007 ,284
ETOPO1: Topography and Bathymetry ,106
ETOPO2 with LandSat ,107
Europa: Jupiter's Moon ,"516, 517"
Evolution of the Moon ,650
Exoplane:t Kepler-37b ,115
Exoplanet: Earth-like ,99
Exoplanet: Kepler-10b ,113
Exoplanet: Kepler-22b ,114
Exoplanet: Kepler-47c ,116
Exoplanet: Kepler-9b ,112
Exploring the Moon (Lunal Landings) ,658
Extreme Weather ,119
Facebook Friendships (with label) ,121
Facebook Friendships ,"120, 121"
Facebook with Status Layer ,121
FIM Forecast Model: 500mb Heights and MSL Pressure Contours - Real-time ,310
FIM Forecast Model: 500mb Heights and MSL Pressure Contours - Real-time ,311
FIM Forecast Model: 850mb Temperature and MSL Pressure - Real-time ,312
FIM Forecast Model: Precipitable Water and 500mb Height Contours - Real-time ,313
FIM Forecast Model: Precipitable Water MSL Pressure Contours - Real-time ,314
FIM Forecast Model: Wind Streamers - Real-time ,"594, 595"
FIM model - 3hr precipitation [mm] & MSLP (forecast loop) ,308
Fire Observations and Vegetation - 2002 - 2011 ,156
Fires - Real-time ,"627, 628"
Fireworks ,492
Fishbowl ,123
Fisheries Species Richness ,475
Fishwatch ,126
"Fleet Numerical SST (April 13, 2005 - October 31, 2006) ",127
"Fleet Numerical SST Anomaly (April 13, 2005 - May 28, 2007) ",128
Flood Events - 2000 - 2009 ,132
Flood Events: 50 or More Fatalities - 2000 - 2009 ,129
Flood Events: Displaced 250 or More People - 2000 - 2009 ,130
Flood Events: Due to Heavy Rain - 2000 - 2009 ,131
Flow: Currents and Climate ,133
Flu Virus Model: H1N1 - 2009 ,153
Footprints ,135
Footprints ,135
Footprints ,135
FORECAST: Tropical Cyclones ,136
Fractals: Circular Julia ,61
Fractals: Morphing ,558
Fractals: Mandelbrot ,558
Fractals: Random ,558
Frozen ,138
Fukushima Radioactive Aerosol Dispersion Model ,140
Future Plate Tectonics - 250 million years ,141
Ganymede: Jupiter's Moon ,"502, 503"
GEOS-5 Modeled Atmospheric Chemistry ,"485, 486, 487"
Geostationary Satellites ,147
Geostationary Satellites: Scanning Pattern ,146
GFDL SST Model with Land Background ,150
GFS Forecast Model: 500mb Heights - Real-time ,316
GFS Forecast Model: 500mb Heights and MSL Pressure Contours - Real-time ,317
GFS Forecast Model: 500mb Wind Speed and Height Contours - Real-time ,315
GFS Forecast Model: Precipitable Water and 500mb Height Contours - Real-time ,319
GFS Forecast Model: Precipitable Water and MSL Pressure Contours - Real-time ,320
GFS Forecast Model: Precipitation Totals with MSL Pressure Contours - Real-time ,318
GFS Forecast Model: Precipitation - Real-time ,619
GFS Forecast Model: Surface Temperature - Real-time ,"638, 639, 640"
GLAPS Green Fraction ,322
GLAPS Model: 500mb Heights and Wind Speed - Real-time ,321
GLAPS Model: Precipitable Water - Real-time ,326
GLAPS Model: Sea Surface and Ground Temperature - Real-time ,325
GLAPS Model: Surface Pressure and Wind Speed - Real-time ,323
GLAPS Model: Surface Temperature and Wind - Real-time ,324
Global Average Temperature Anomaly 2010 ,151
Global Average Temperature Anomaly 2012 ,152
Global Fire Map 2000 ,154
Global Fire Map 2007 ,155
Globe NEO Aerosol 2007 Monthly ,158
Globe NEO CERES Insolation 2007 Monthly ,160
Globe NEO Cloud Fraction 2007 Monthly ,161
Globe NEO Surface Temperature 2007 Monthly ,162
Globe NEO TRMM Rainfall Measurement 2007 Monthly ,163
Globe Schools ,164
GLOBE: Students of Earth ,165
GRACE by GSFC ,167
GRACE by JPL ,168
Great White Shark Migration ,366
Greenland Melting Trends ,172
GUPS Aircraft and Dropsonde Track ,174
HadleyCM3 Sea Ice Change ,175
Hokulea - from Imiloa ,179
Hubble Telescope: Fornax Constellation ,181
Hula - from Imiloa ,178
Hurricane Isaac - 2012  ,182
Hurricane Season - 2004 (with audio) ,3
Hurricane Season - 2004 ,3
Hurricane Season - 2005 ,"574, 575, 576"
Hurricane Season - 2012,5
Hurricane Season: Katrina - 2005 (with audio) ,183
Hurricane Season: Ophelia - 2005 (with audio) ,184
Hurricane Season: Rita - 2005 (with audio) ,185
Hurricane Season: Water Vapor and SST - 2005 ,"444, 445, 446"
Hurricane Season: Water Vapor and SST - 2005 ,"445, 446, 447"
Hurricane Season: Wilma - 2005 (with audio) ,188
Hurricane Tracks: Cumulative 1950 - 2005 ,"614, 615, 616"
Iapetus: Saturn's Moon ,189
Ice Mountains of Pluto ,460
"Indian Ocean Tsunami Wave Simulation - December 26, 2004 ",191
InitialSlide ,1
International Space Station Track ,"513, 514, 515"
International Year of the Coral Reef ,193
Io Volcanoes: Jupiter's Moon ,422
"Io, Moon of Jupiter - USGS ",195
Io: Jupiter's Moon ,"547, 548, 549"
IPCC GFDL Precip Anomaly ,196
Japan Earthquake and Tsunami Wave Heights - March 2011 ,200
"Japan Earthquake and Tsunami Wave Heights Merged, March 11, 2011 ",198
"Japan Earthquake, Tsunami Wave Propagation, and Wave Heights Combo ",199
"Japan Tsunami Wave Propagation - March 11, 2011 ",201
July 2007 Solar Model: Ionospheric Ground Geoelectric Field ,202
July 2007 Solar Model: Ionospheric Polar Cap Boundary ,203
July 2007 Solar Models: Ionospheric Currents ,204
July 2007 Solar Models: MDI Synoptic Maps ,205
July 2007 Solar Models: Winds Peeling the Heliospheric ionion ,206
Jupiter (movie) ,"530, 531, 532"
Jupiter (still) ,"530, 531, 532"
Jupiter Movie - High Resolution from Largest ,207
Jupiter New Horizon Flyby LEISA sequence 2007 ,209
Jupiter New Horizon Flyby LORRI sequence 2007 ,210
Jupiter Storm Animation ,207
"Jupiter with 2 Red Storms by HST Mar 25, 2007 ",212
"Jupiter with 3 Storms on May 10, 2008 by Hubble ",213
Jupiter: Hubble Space Telescope Sequence - 2007 ,208
Jupiter: Shoemaker-Levy Comet Collision ,211
Jupiter: Two Red Spots - 2007 ,212
Koppen-Geiger Climate Changes - 1901 - 2100 ,473
La Nina - 1988 - 1989 ,214
Land Surface Temperature - 1950 - 1999 ,"629, 630, 631"
Largest ,215
Light Pollution - Artificial Sky Brightness ,"555, 556, 557"
Lightning Detection - June 2011 - Aug 2012 ,216
Lightning Flash Rate ,34
Loggerhead Sea Turtle Tracks ,217
Loop ,218
"Lunar Eclipse - Feb. 21, 2008 ",220
"Lunar Eclipse Aug 28, 2007 ",219
Magnetic Declination with Earth Shaded background ,221
Magnetic Lines with Earth Shaded background ,222
Magnets with Earth Shaded background ,223
Malaria Plasmodium Falciparium ,224
Malaria Plasmodium Falciparium ,474
Malaria Plasmodium Vivax with Duffy-negative layer ,225
Mapping the Winter Olympics - Medal Winners 1924 - 2014 ,226
Maps Through History ,"590, 591"
Mars - Landscape of Extremes ,230
Mars (with audio) ,343
Mars ,"344, 345, 346"
Mars Magnetic Map ,233
Mars: Landing Sites ,"231, 232"
Mars: Slideshow of Landing Sites with Pictures ,"545, 546"
Mars: Topography ,234
Mercury: Color Enhanced ,"504, 505, 506"
Mercury ,236
Mercury by MESSENGER Oct 2011 ,238
Mercury by USGS ,239
Midnight Sun from Mars Phoenix Lander - 2008 ,240
Milky Way Panorama ,30
Milky Way Panorama: Alpha Centauri Label ,"534, 535, 536"
Milky Way Panorama: Constellation Outlines ,"518, 519, 520"
Mimas: Saturn's Moon ,"500, 501"
Miranda: Uranus' moon ,242
Modis Sea Surface temperature 2002-2006 ,243
Moon ,92
Moon Phases ,"606, 607, 608"
Moon Transit from DSCOVR ,"610, 611"
Moon: Slideshow of Landing Sites and Pictures ,"524, 525"
Moon: Surface Roughness ,95
Moon: Surface Slope ,96
Moon: Topography ,97
Mount Everest Panorama ,246
NASA Evolution of the Moon ,248
NASA map ,1
NASA Sea Surface Temperatures ,252
Neptune ,"667, 668, 669"
NESDIS AMSU-Precipitable H2O - realtime ,1
New Horizons ,453
Nighttime Lights (colorized),62
Nighttime Lights (with audio) ,87
Nighttime Lights ,"566, 567"
Nighttime Lights: Katrina Power Outage ,257
Nighttime Lights: Ukraine and Florida PIPs ,258
"NO2 (monthly tropospheric from OMI v1.0, 2004-2009) ","259, 260"
NO2 monthly tropospheric 2004-2009 ,"259, 260"
NOAA in Five Minutes ,261
NOAA Logo (with audio) ,262
NOAA Logo ,262
NOAA Promo 2 ,263
NOAA Satellite Positions ,264
North and South Pole 25 Year Animation ,268
NSIDC AMSRE Real-time Sea Ice ,332
NSIDC AMSRE Sea Ice ,332
OAR Promo ,269
Oberon: Uranus' moon ,270
Ocean Acidification ,271
Ocean Acidification with MP4 ,271
Ocean Acidification: pH Levels ,272
Ocean Acidification: Saturation State ,273
Ocean Circulation (conveyor belts) ,275
Ocean Circulation (labeled currents) ,274
Ocean Drain (with colorized topography) ,276
Ocean Drain (with gray bathymetry) ,277
Ocean Drain (with land vegetation) ,278
Ocean in Motion ,279
Ocean Surface Winds ,139
Oil Spill: Deep Water Horizons - 2010 ,81
Orphan Orca - Saving Springer ,280
Orphan Orca - Saving Springer ,281
Our Instrumented Earth ,282
Paleo Geographic Animation Portland ,"286, 287"
Paleo Geographic Animation GMasters ,493
"Paleo Geographic raw Apr 8, 2008 ",288
Paleo Geographic Reversed ,1
Paleo Geographic with audio ,"286, 287"
Paleo Geographic with pip script ,"286, 287"
Paleoclimate Proxies ,"634, 635, 636"
Panoramic View of Mars from Phoenix Lander - 2008 ,297
Panoramic View of Mars from Phoenix Lander - 2008,7
Phobos: Mars' Moon ,289
Phoebe: Saturn's Moon ,290
Phoenix Mars Lander First Color Images - 2008 ,292
Phoenix Mars Lander First Landing Images - 2008 ,293
"Phoenix Mars Lander First Landing Images May 25, 2008 with Mars Background ",294
Phoenix Mars Landing with Parachute - 2008 ,293
Pi Day ,"495, 496"
Plate Movement - 200 Million Years Ago to Today ,"598, 599, 600"
Pluto ,295
Pluto Black and White ,459
Pluto July 7 ,459
Pluto True Color ,459
Pluto: Dwarf Planet - Images over time (1992-2015) ,"470, 471, 472"
Pluto: Dwarf Planet ,459
Polar Orbiting: Aqua Satellite and MODIS Swath ,35
Polar Orbiting: NASA A-Train Satellites ,247
Polar Orbiting: NOAA Satellite Tracks ,265
Population from 17AD through 1949 AD ,1
Population Movie ,297
Precipitable Water - Antarctic Expedition - 1902 - 1903 ,296
Precipitable Water - El Nino - 1917 - 1919 ,298
Precipitable Water - Galveston Hurricane - 1900 ,299
Protecting Wildlife in a Changing Climate ,300
Puerto Rico Hypothetical Tsunami ,301
Reefs at Risk ,348
Return to the Moon ,349
Return to the Moon ,349
Rhea: Saturn's Moon ,350
Rising Sea ,351
Satellites: Paths and Positions (with audio) ,29
Satellites: Paths and Positions ,29
Saturn (enhanced colors) ,"671, 672, 673"
Saturn ,"671, 672, 673"
Sea Ice and Snow Cover Sept. 2005 - Sept. 2006 ,353
Sea Ice Animation - 2009 ,354
Sea Ice Concentrations - 1987 - 2013 ,428
Sea Level Rise: 10m Increments ,355
Sea Level Rise: Impact of 6 meter (black) ,190
Sea Level Rise: Impact of 6 meter (red) ,190
Sea Level Trends - 1993 - 2012 ,356
Sea Surface Currents (with audio) ,"249, 250, 251"
Sea Surface Currents ,"249, 250, 251"
Sea Surface Currents and Temperature (gray land) ,"483, 484"
Sea Surface Currents and Temperature (vegetation on land) ,"483, 484"
Sea Surface Height Anomaly ,359
Sea Surface Salinity ,360
Sea Surface Temp Monthly Sept 1981 - Dec 2006 from NEO ,361
Sea Surface Temperature - Real-time ,"336, 337, 338"
Sea Surface Temperature Anomalies - 1980 - 1999 (with audio) ,254
Sea Surface Temperature Anomalies - 1980 - 1999 ,254
Sea Surface Temperature Anomaly - Real-time ,"462, 463, 464"
Sea Turtle Track: Gulf of Mexico (94-7293) ,173
September Minimum Sea Ice Coverage 1979 - 2004 w/ Red 15% Concentration Line ,364
September Sea Ice Levels from 1987 - 2007 ,365
September Sea Ice Levels from 1987 and 2007 only ,365
Ship Tracklines of Multibeam Bathymetric Surveys ,367
Shipping Routes - One Year ,368
Shipping Routes (with labels)- One Year ,368
Snow and Ice - Real-time ,"562, 563, 564"
Solar and Heliosphere Observation (SOHO) Extreme Ultraviolet Imaging Telescope October 2003 ,1
"Solar Eclipse Simulation (NASA) - August 21, 2017 ","602, 603, 604"
Solar System to Scale: Sun and Planets ,"497, 498, 499"
SOS Coordinate System over EC background ,370
SOS Locations ,371
SOS Promo Video ,372
Space Geodesy: Charting the Size and Shape of the Earth ,373
Species Richness - Birds ,"686, 687, 688"
SSEC Day and Night Terminator ,375
Sun: Carrington Rotation Map - 2003 ,56
Sun: Helium Wavelength (AIA 304) ,177
Sun: X-Ray - 2003 (with audio) ,435
Sun: X-Ray - 2003 ,"439, 440, 441"
Sunsynchronous Satellite ,1
Surface Temperature Anomaly RCP 2.6 Low CO2 Emissions ,377
Surface Temperature Anomaly RCP 4.5 Moderate CO2 Emissions ,378
Surface Temperature Anomaly RCP 6.0 High CO2 Emissions ,379
Surface Temperature Anomaly RCP 8.5 Very High CO2 Emissions ,380
Swath: Incoming Solar Flux Compared to Clouds ,381
Swath: Instantaneous Scene Identification ,382
Swath: Net Radiation Flux Compared to Clouds ,383
Swath: Outgoing Longwave Flux Compared to Clouds ,384
Swath: Outgoing Shortwave Flux Compared to Clouds ,385
Swath: Scene Identification Compared to Clouds ,386
Temperature Anomaly: Monthly (NASA) - 1884 - 2012 ,537
Temperature Anomaly: Yearly (NOAA) - 1880 - 2016 ,"568, 569"
Temperature Anomaly: Yearly (NOAA) - 1880 - 2018 ,"663, 664"
Terminator with IR sat and Nightlights ,76
Tethys: Saturn's Moon ,389
The Next Generation of NOAA ,390
The Next Step ,391
The Wanderers ,393
This is NOAA Fisheries ,396
Titan: Saturn's Moon (black and white) ,397
Titan: Saturn's Moon (colorized) ,"646, 647, 648"
Titan: Saturn's Moon (RADAR swaths) ,398
Titania: Uranus Moon ,399
Topography and Bathymetry with Nighttime Lights (with audio) ,401
Topography and Bathymetry with Nighttime Lights ,401
TOPP Animal Tracking ,402
TOPP Animal Tracking with Elephant Seal Pictures ,402
Triton: Neptune's Moon ,"679, 680, 681"
Tsunami - 5-year Anniversary ,404
Tsunami Locations - 2000 BCE - 2014 ,405
Typhoon Haiyan - Oct - Nov 2013 ,406
Typhoon Haiyan: Water Vapor and SST - Oct - Nov 2013 ,407
Umbriel: Uranus' Moon ,408
Uranus ,"675, 676, 677"
Uranus Map ,410
"Venus: Animation of Clouds, Brightness, Topography ",412
Venus: Radar Brightness ,411
Venus: Shaded Relief ,413
Venus: Topography ,"659, 660, 661"
Venus: Topography and Radar ,414
Venus: Venera Landing Sites and Pictures ,416
Vesta: Asteroid ,"510, 511, 512"
Forecast Model Volcanic Ash - FIM Chem ,"586, 587"
Volcanic Ash Eruption: Iceland ,"586, 587"
Volcano Eruptions - through 2010 ,419
Volcano Eruptions - through 2010 ,"450, 451, 452"
Volcano Eruptions: Causing Tsunamis - through 2010 ,420
Volcano Locations ,421
Water Falls ,423
Water Vapor Satellite ,342
Water Vapor: GEOS-5 Model ,144
Wave Heights 2012 ,"479, 480, 481"
Weekly Sea Ice July 2005 - August 2007 (over EV) ,429
Wikipedia: Global Connections - 1800 - 2012 ,394
Wikipedia: Tone - 1800 - 2012 ,395
Wildfire Impacts PIP 1x ,693
Wildfires And You PIP 4x ,693
Wildfire Impacts 4x PIP Old Audio ,693
Wildfire Impacts Wrapped ,693
Winds: GEOS-5 Model ,145
World Magnetic Anomaly Map ,434
