pretty_name,name,slide_numbers
,Exploring the Depths,
,Hot Air: Atmosphere and Climate Change,
,Fractals: Morphing (Archived 5/23/2023),
,Fractals: Random (No longer supported by SOS - Retired 4/25/2023),
,The Story of El Nino,
,Accessibility to Cities,
,SOON It Would Be Too Hot,
,Enceladus (Saturn moon) with extremophiles,
,Marine debris: Introduction to Marine Debris in the Global Ocean,
,Marine Debris: Global Marine Debris Model,
,Deep-Sea Vents: Smoke and Fire Underwater,
,Marine Debris,
,CREATE Resilience: Building a Resilient Community,
,The World's Water,
,HOLOSCENES / Little Boxes,
,A Global Tour of Precipitation,
,Deep-Sea Vents: Life Without Sunlight,
,Rising Sea,
,Meander,
,Olympics: Summer Medal Winners - 1896 - 2012,
,Mapping the Winter Olympics - 2014 Overview,
,Urban Ocean,
,"Earth, our Goldilocks Planet",
,Our Pale Blue Dot,
,Mount Everest Panorama (Archived 5/23/2023),
,Population Density - 2016,
,The Wanderers Title banner,
,Fukushima and Our Radioactive Ocean,
,Titan Tours,
,EarthNow: Effects of El Nino and La Nina on Phytoplankton and Fish,
,EarthNow: Extreme Weather and Climate Change,
,EarthNow: The State of our Lakes,
,NCA5: The State of Climate Science and Inspiring Solutions,
,Cities Through Time,
,The Only Thing that is Constant is Change,
,"Weather Satellites: Past, Present, and Future",
,ClimateBits: Ozone Hole,
,ClimateBits: UV Index,
,ClimateBits: Phytoplankton,
,"ClimateBits: Fast Carbon, Slow Carbon",
,ClimateBits: Carbon Dioxide,
,ClimateBits: Monsoons,
,ClimateBits: Urban Heat Islands (Spanish),
,ClimateBits: Urban Heat Islands,
,ClimateBits: Solar Radiation,
,ClimateBits: Albedo,
,ClimateBits: El Nino,
,ClimateBits: Air Quality,
,ClimateBits: Ozone Layer,
,GOES-16 Tracks the Big Three,
,Acidifying Oceans: Oceans and Climate Change,271
,Seeking Common Ground on Climate: Beijing Air Pollution,
,Seeking Common Ground on Climate: Top 10 CO2 Emitting Nations (2010),
,Oxygen Minimum Zones: Oxidation States 1 - Aerobic,
,Oxygen Minimum Zones: Research Question,
,Oxygen Minimum Zones: Research Locations,
,Oxygen Minimum Zones: Oxidation States 2 - Aerobic,
,Oxygen Minimum Zones: Credits,
,Oxygen Minimum Zones: World Ocean Atlas Nitrate Station Locations (2013),
,Oxygen Minimum Zones: Oxidation States 5 - Energy FLow,
,Oxygen Minimum Zones: Oxidation States 4 - ANaerobic Redox,
,3P: Planetary Comparisons - Earth Mars Venus,
,3P: Venus,
,3P: Mars Base Map,
,Maven: Wet Mars with Magnetic Fields,
,MAVEN: Curiosity Panorama PIP,
,MAVEN: Curiosity Panorama PIP,
,Maven: Mars Earth split,
,Maven: MAVEN over Red Mars Atmosphere captured by MRO,
,Maven: Wet Mars,
,Maven: Early Mars Aurora,
,MAVEN: Curiosity PIP,
,MAVEN: Mariner PIP,
,Mars: MAVEN Sputtering video,
,Mars: Channels,
,Mars: Deltas,
,Maven: Water Features Comparison,
,Maven: Mars Diffuse Aurora,
,Maven: MAVEN over Red Mars Atmosphere captured by MRO,
,Maven: Mars Solar Wind,
,MAVEN: Yellow Sun,
,MAVEN: Spirit/Opportunity PIP,
,Maven: Dry Mars,
,Feats and Footprints: Population Movie,
,Water Falls: Aquarius Sea Surface Salinity 2012,
,"Water Falls: Pulsing Global Rivers, the Run-off Component of the Water Cycle",
,Water Falls: Human Impacts: Droughts,
,Water Falls: Human impact: Floods,
,Water Falls: Human impact: Landslides,
,Water Falls: filling water bottles over GRACE,
,Water Falls: OSCAR Ocean Current,
,Water Falls: GEOS Hurricane Sandy Wind Speed over Water Vapor,
,Water Falls: Umbrellas,
,"Water Falls: Global TRMM Rainfall, Aug - Sep 2003",
,Water Falls: Water Cycle Components,
,Water Falls: GEOS-5 Modeled Evaporation,
,Deep-Sea Vents: Vent Site Mata Volcanoes,
,Deep-Sea Vents: Black,
,Deep-Sea Vents: Vent Site Mid-Cayman Rise,
,Deep-Sea Vents: Vent Site Mariana Back-Arc,
,Deep-Sea Vents: Vent Cross Section,
,Deep-Sea Vents: Vent Site Galapagos Rift,
,Deep-Sea Vents: Vent Discoveries Animation,
,Deep-Sea Vents: Vent Site Axial Seamount,
,Deep-Sea Vents: Vent Site Loihi,
,"Goldilocks: Venus Transit, June 5 - 6, 2012, STEREO/SDO 304",
,Hurricane Sandy - GLAPS Radar Reflectivity (dBZ),
,Hurricane Sandy - GLAPS SFC Pressure + Wind + Windspeed (kt),
,Hurricane Sandy - GLAPS SFC Temperature (F) + Wind (kt),
,Hurricane Sandy - GLAPS 500mb Height + Wind + Windspeed (kt),
,Hurricane Sandy - Enhanced IR Sat,
,Hurricane Sandy (Real-Time Linear IR),
,Hurricane Sandy - SST Anomaly,
,Seal and Seabird Tracks: Pacific Ocean,
,Surface Winds: CCMP Winds only June-October2011 model,
,Deep-Sea Vents: Vent Site Galapagos Rift,
,Warm Forecast for Coral Reefs,
,Oceans flows at surface and 2000m depth,
,Mitigation or Adaptation: You Decide - Blue Marble with Scenario PIPs,
,Black Hole,
,Hubble Revelations,
,Wind Speeds Offshore at 10m to 90m above the Earth's Surface,
,"Renewable Energy Resources Combined: Solar, Wind, and Geothermal Heat",
,Solar Irradiance,
,Heat Conductivity,
,Wind Speeds at 50m above the Earth's Surface - Monthly and Annual Average 1983 - 1993,
,Space Weather - Total Electron Content (TEC),
,Climate Change and Health: Dengue Fever with Mosquito Layer,
,Climate Change and Health: Blue Marble with Maslow Pyramid Layer,
,Climate Change and Health: Duffy Negative,
,Sea Surface Salinity from GFDL 2.6 (simple),
,Coral Reefs in Hot Water (Archived 5/23/2023),
,Ozone's Slow Recovery - 2013  (Archived 5/23/2023),
,Arctic Sea Ice: The New Normal (Archived 5/23/2023),
,El Nino and La Nina Impacts (Archived 5/23/2023),
,Warm Forecast for Coral Reefs (Archived 5/23/2023),
,Greening of the Arctic (Archived 5/23/2023),
,Water Underground (Archived 5/23/2023),
,Deciphering Uncertainty in a Changing Climate: Model versus Satellite,
,Deciphering Uncertainty in a Changing Climate: Scale of Percentages,
,Deciphering Uncertainty in a Changing Climate: What is a Model?,
,"Wind, Water: GLAPS day/night temp comparison",
,"Wind, Water: Topo w Black Ocean Mask",
,"Wind, Water: Annual Precip",
,Rising Waters Autorun: Ocean Pics,
,Rising Waters Autorun: River Life Pics,
,Rising Waters: Solutions Pics,
,Rising Waters: Ocean Pics,
,Rising Waters: Zoom Sea Level Rise,
,Rising Waters: River Life Pics,
,Hansa Carrier Shoe Spill - Shoe Spill Results,
,Hansa Carrier Shoe Spill - Introduction PIP,
,Penguin Feather - Feathers and Both Currents,
,Penguin Feather - Convection Currents,
,Penguin Feather - Surface and Convection Currents,
,Penguin Feather - Introduction PIP,
,Real Time Color Enhanced IR Satellite with Blue Marble,
,Ocean Circulation (still),
,Global Solar Resources,
,Global Wind Resources,
,OA Closing,
,OA Species Impacted by Ocean Acidification,
,OA Pteropod Shell,
,OA Seattle Aquarium Solar Array,
,OA CO2 Data,
,"OA ""Home"" Building",
,OA Renewable Energy Solutions,
,OA Introduction,
,OA CO2 Accumulation Visualization,
,OA Seattle Aquarium Solar,
,OA Ocean Food Web,
,Population Density (new),
,Infant Mortality,
,Total GHG Emissions,
,Iron Concentration - 2015,
,Chlorophyll Concentration - 2015,
,Aerosol Optical Thickness: Dust - 2018,
,Nitrate Concentration - 2015,
,"Earth at Night: 1992, 2002, 2012",
,Eating Water: Agriculture and Climate Change,
,Marine Debris: Garbage Patch Experiment Movie,
,New Horizons (Archived 5/23/2023),
,EarthNow: Climate Digest - Real-time,
,Hansa Carrier Shoe Spill - Shoe Spill Results,
,Hansa Carrier Shoe Spill - Introduction PIP,
,Penguin Feather - Feathers and Both Currents,
,Penguin Feather - Convection Currents,
,Penguin Feather - Surface and Convection Currents,
,Penguin Feather - Introduction PIP,
,GOES-R: Today's Satellite for Tomorrow's Forecast,
,Snow Globe with No Clouds,
,Snow Globe with Clouds,
,World Cup Match Balls,
,Coral Science from Outer Space to Inner Space (Archived 5/23/2023),
,Human Migration - 2010 - 2015,
,This is NOAA Fisheries (Archived 5/23/2023),
,Exploring the Unknown Ocean,
,Population Density from NEO,
,The Human Era: A World of Changes,
,Solar Eclipses and Space Weather Explained,
,Climate Model: Precipitation Change: SSP2 (Middle of the Road) - 2015 - 2100,
,Climate Model: Precipitation Change: SSP1 (Sustainability) - 2015 - 2100,
,Climate Model: Precipitation Change: SSP5 (Fossil-fueled Development) - 2015 - 2100,
,Climate Model: Sea Surface Temperature Change: SSP2 (Middle of the Road) - 2015 - 2100,
,Climate Model: Sea Surface Temperature Change: SSP1 (Sustainability) - 2015 - 2100,
,Climate Model: Sea Surface Temperature Change: SSP5 (Fossil-fueled Development) - 2015 - 2100,
,Climate Model: Sea Ice Concentration: SSP2 (Middle of the Road) - 2015 - 2100,
,Climate Model: Sea Ice Concentration: SSP1 (Sustainability) - 2015 - 2100,
,Climate Model: Sea Ice Concentration: SSP5 (Fossil-fueled Development) - 2015 - 2100,
,Climate Model: Surface Temperature Change: SSP2 (Middle of the Road) - 2015 - 2100,
,Climate Model: Surface Temperature Change: SSP1 (Sustainability) - 2015 - 2100,
,Climate Model: Surface Temperature Change: SSP5 (Fossil-fueled Development) - 2015 - 2100,
,Sea Surface Temperature NOAA Model (black land),
,Tsunami Historical Series - Aleutians 1957,
,Tsunami Historical Series: Aleutian Islands 1946,
,Tsunami Historical Series: Chile - 1960,
,Tsunami Historical Series: Chile - 2010,
,Tsunami Historical Series: Sumatra - 2004,
,Tsunami Historical Series: Cascadia - 1700,
,Tsunami Historical Series: Japan - 2011,
,Tsunami Historical Series: Samoa - 2009,
,Tsunami Historical Series: Lisbon - 1755,
,Tsunami Historical Series: Alaska - 1964,
,"Tsunami Historical Series: Kamchatka, Russia - 2025",
,Madden Julien Oscillation - Winter Impacts,
,Sea Ice Extent: September Only,
,Indian Tsunami V3,
,Impact of 1 meter Sea Level Rise Flashing,
,Gulf of Mexico Turtle 94-7295,
,Marine Debris: Garbage Patch Experiment,
,120 Years of Earthquakes and Their Tsunamis: 1901-2020,
,Tsunami Animation: Cascadia 1700,
,Ocean Acidification: Surface pH - SSP2 (Middle of the Road) - 2015 - 2100,
,Ocean Acidification: Surface pH - SSP1 (Sustainability) - 2015 - 2100,
,Ocean Acidification: Surface pH - SSP5 (Fossil-fueled Development) - 2015 - 2100,
,Ocean Acidification: Saturation State - SSP2 (Middle of the Road) - 2015 - 2100,
,Ocean Acidification: Saturation State - SSP5 (Fossil-fueled Development) - 2015 - 2100,
,Ocean Acidification: Ocean-Atmosphere CO2 Exchange - SSP2 (Middle of the Road) - 2015 - 2100,
,Ocean Acidification: Ocean-Atmosphere CO2 Exchange - SSP1 (Sustainability) - 2015 - 2100,
,Ocean Acidification: Ocean-Atmosphere CO2 Exchange - SSP5 (Fossil-fueled Development) - 2015 - 2100,
,Marine Life Tracks: Pacific Ocean,
,Sea Surface Temperature Observations - 2002 - 2006 (Retired 5/23/2023),
,Sea Turtle Track: Atlantic Ocean,
,Seal and Seabird Tracks: Pacific Ocean,
,Phytoplankton Model,
,Sea Ice: Fraction and Solar Radiation Absorption  (Archived 5/16/23),
,Sea Ice Extent (Arctic only) - 1850 - 2017,
,Sea Level Rise Simulation - 30 Years,
,Human Influences on Marine Ecosystems,
,Fisheries Catch Model  - 2005 vs 2050,
,Sea Turtle Track: Pacific Ocean (Archived 5/16/23),
,Buoy Tracks: Argo (surface animation),
,Drought Risk with Crop Impacts - July 2025,
,Hurricane Ian: Clouds (colorized),
,Population Growth Movie 1 C.E. - 2050 C.E.,
,"Hurricane Florence: Linear IR - September 14, 2018",
,"Hurricane Florence: Linear IR - September 14, 2018",
,Heat Conductivity,
,Geothermal Wells and Volcanoes,
,Solar Irradiance,
,Wave and Tidal Energy Convertors,
,Tidal Time Lapse Movie,
,Wave Energy OWET Video,
,Wave Energy Map,
,La Nina Summer,
,El Nino Winter,
,El Nino Summer,
,La Nina Winter,
,Blue Mountains: John Day Fossil Beds,
,Klamath Mts: Rogue River-Siskiyou,
,Snake River Plain,
,Cascades: Mt Ranier,
,Columbia Plateau: Alkali Lake,
,Coast Range: Saddle Mt,
,Willamette Valley: W Eugene Wetlands,
,Oregon Ecoregions,
,OR Average Annual Precipitation,
,Eastern Cascades: Pumice Plateau,
,Basin and Range: Hart Mt,
,Rainshadow Effect,
,Sunny - Sun,
,Sunny1-Intro,
,Sunny-Spring,
,Sunny-Meteorologists,
,Sunny-Summer,
,Sunny-Winter,
,Sunny-Fall,
,Wind Resource Map,
,Oregon Coast Wind,
,Wind Speed Average 1983 - 1993 at 50m,
,Wind Turbine Examples,
,Wind Turbines,
,Oregon Average Wind 80m,
,Oregon Wind Farm,
,Wind Speeds Offshore at 10m to 90m,
,Humpback Whale Phytoplankton,
,Humpback Whale Food Web,
,Humpback Whale Migration,
,Humpback Whale,
,Humpback Whale Krill,
,Gala 2016 Short Lights,
,Gala 2016 Long Black,
,Gala 2016 Short Black,
,Gala_2012_Air Traffic,
,Gala 2016 Long,
,Gala 2016 Long Lights,
,Gala 2016 Short,
,Gala 2012 Blue Nightlights,
,Gala Logo White,
,Renewable Energy Logos,
,Japan Wave Video,
,Ghost Forest,
,Japan Tectonic Map,
,Japan Tsunami Animation Clip,
,Japan Quake Eight,
,Japan Skyscraper,
,Japan Mendocino Fracture Zone,
,Japan Trench,
,Japan Bathymetry two,
,Japan Bathymetry One,
,Orphan Tsunami,
,Japan Quake Thirteen,
,Japan Cascadia two,
,Drop Cover Hold On,
,Cascadia 1700 tsunami energy + coastal run-up map new color,
,Similue,
,Tsunami Sheet,
,Tsunami Oral History,
,Thunderbird and Whale,
,Orphan Tsunami Book Cover,
,Cascadia Earthquake Types,
,Cascadia Rupture Area,
,Tree Ring,
,Tsunami Cover,
,Miho,
,Ghost Forest Forms,
,Cascadia Plates,
,WODPPT24,
,WOD4,
,WODPPT7,
,WODPPT21,
,WODPPT20,
,WODPPT1,
,WODPPT4,
,WOD3,
,WODPPT14,
,WODPPT10,
,WODPPT12,
,WODPPT8,
,WODPPT28,
,WODPPT27,
,WODPPT19,
,WODPPT13,
,WODPPT3,
,WODPPT6,
,WODPPT26,
,WODPPT16,
,WOD1,
,WODPPT22,
,WOD5,
,WOD2,
,WODPPT18,
,WODPPT23,
,WODPPT15,
,WODPPT9,
,WODPPT2,
,WOD6,
,WODPPT17,
,WOD7,
,WODPPT25,
,WODPPT11,
,WODPPT5,
,Hayley Earth,
,Hayley Voyager1 Disk,
,GPS Satellite,
,GPS Satellite 2,
,GRACE gravityjpeg by JPL,
,Accumulative Hurricane Tracks 1950 - 2005,
,Lisbon 1755 tsunami energy + coastal run-up map new color,
,Chile_Tsunami_1960_SOS,
,Japan 2011 tsunami energy + coastal run-up map new color,
,Cascadia 1700 tsunami energy + coastal run-up map new color,
,Chile 2010 tsunami energy + coastal run-up map new,
,Chile 2010 tsunami energy + coastal run-up map original,
,Chile 2010 tsunami coastal run-up compare original and new,
,Chile 2014 Tsunami Stills,
,Chile 2014 tsunami coastal run-up map,
,Chile 2014 tsunami energy map,
,Sullivan presenting- 2014 Chile tsunami +19 hours,
,Chile 2014 earthquake,
,ETOPO Anaglyph,
,LRO Anaglyph,
,MOLA Anaglyph,
,Photosphere Anaglyph,
,Photosphere PTWC,
,Chile 2014 Tsunami Title Slide,
,Discovery,
,Ceres with Dawn,
,NASA Pursuit of Light,
,Enceladus with Cassini,
,Mercury Brighter,
,Jupiter: Cassini 2000 with Earth to scale mp4,
,Transportation Routes,
,11aShipTracks,
,Permafrost and Methane  Dr. Kathey Walters,
,Air Traffic With No Powerpoint Slide,
,Electromagnetic Spectrum,
,Crops and Pasturelands,
,Death Star,
,Nate on a Sphere,
,Pokemon Ball,
,Eye of Sauron,
,z - Name of Dataset With Capital Letters,
,Continent Borders (white),
,Continent Borders,
,Continent Borders (black),
,Roads (white),
,Roads (black),
,Lat/Long Grid (white),
,Lat/Long Grid (black),
,Railroads,
,Time zones,
,Atmospheric General Circulation,
,City Names,
,Plate Names,
,Rivers,
,Plate Boundaries (white),
,Ocean Names,
,Continent Names,
,Undersea Communication Cables,
,Capital City Names,
,Country and State Borders,
,Country Borders (white),
,Country Borders - White,
,Country Borders (black),
,Country Names,
,Land Mask (vegetation),
,Land Mask (black),
,Moon: Shaded Lighting,
,Exoplanet: TRAPPIST - 1c,
,Exoplanet: TRAPPIST - 1h,
,Exoplanet: TRAPPIST - 1e,
,Exoplanet: TRAPPIST - 1f,
,Exoplanet: TRAPPIST - 1b,
,Exoplanet: TRAPPIST - 1g,
,Exoplanet: TRAPPIST - 1d,
,Sun: Historical Solar Flare - 2003,
,Solar Synoptic Map Building,
,Planet Rotations,
,Solar Synoptic Map Building,
,Jupiter: Black and White - 2007 (Archived 5/23/2023),
,Mars: Landing Sites  (Archived 5/23/2023),
,Vegetation: Seasonal Changes - Apr 2012 - Apr 2013,
,Agriculture: Pastureland Intensity,
,Earth's Magnetic Declination,
,"Chile Earthquake April 2, 2014",
,Nighttime Lights Comparison - 1992 and 2002 (Archived 5/16/23),
,Nighttime Lights Comparison - 1992 and 2009 (Archived 5/16/23),
,"Nighttime Lights Comparison - 1992, 2000, and 2008 (Archived 5/16/23)",
,Earthquakes: Historical Top 10 - through 2011,
,Groundwater Storage: Ice and Aquifers,
,Gray Earth,
,Land Cover: Woody Biomass in Pan-tropics (Archived 5/23/2023),
,ETOPO2: Topography and Bathymetry (bright colors) (Archived 5/16/23),
,ETOPO2: Topography and Bathymetry (color enhanced) (Archived 5/16/23),
,ETOPO2: Bathymetry,
,Land Cover (map with ribbon of labels),
,Land Cover (animation),
,Land Cover (map with slideshow of labels),
,Japan Earthquake by SSEC,
,PALEOMAP PaleoAtlas - 0 - 750 Million Years Ago,
,Permafrost and Methane  Dr. Kathey Walters,
,Earthquakes,
,Temperature Anomaly: Yearly - 500 - 2006 (Paleoclimate Evidence),
,"Warming Stripes: Australia, Germany, and USA",
,Balog Greenland video over surface anaomaly,
,Hurricane Harvey: Clouds with Precipitation - 2017,
,Warming Stripes,
,Fossil Fuel: CO2 Release - 2011-2012,
,NO2 Aura/OMI: 10/2004 - 2/2014,
,Aura Nitrogen Dioxide 6 day average,
,Carbon Dioxide: One Year - 2012,
,Hurricane Tracks,
,Polar Orbiting: NOAA-17 and NOAA-18 (Archived 5/16/23),
,Solar Insolation - Monthly (NASA),
,Hurricane Isaac - 2012,182
,Blue Marble: without Clouds,437
,Hurricane Sandy: Linear IR - Oct. 2012,3
,Ocean Acidification: Saturation State - SSP1 (Sustainability) - 2015 - 2100,273
,Ceres Half Phase,"448, 449"
,Fractals: Circular Julia (Archived 5/23/2023),61
,Sea Ice Animation - 2009 (Retired 5/23/2023),354
,Sea Surface Temperature NOAA Model (with vegetation),254
,Footprints,135
,Ocean Surface Vorticity,139
,Rising Waters with Audio,343
,Float Tracks: Argo (buoy depths animation),38
,Hurricane Sandy,3
,"Lunar Eclipse - Aug. 28, 2007 (Archived 5/23/2023)",219
,"Lunar Eclipse - Feb. 21, 2008 (Archived 5/23/2023)",220
,Koppen-Geiger Climate Classification - 2007,473
,Buoy Locations (DART only) (Retired 5/23/2023),374
,Penguin Feather - Surface Currents,"249, 250, 251"
,Penguin Feather - Surface Currents,"249, 250, 251"
,Greenland Melting Trends (Archived 5/16/23),172
,Geostationary Satellites (Archived 5/16/23),147
,Orphan Orca - Saving Springer (Archived 5/23/2023),280
,Tamara Blue Marble (23 degree tilt),47
,Earth's Green Carbon Machine (Archived 5/23/2023),565
,Earthquake Timeline,"304, 305, 306"
,Chile_Tsunami_2010_SOS,60
,NASA Sea Currents,"249, 250, 251"
,Climate Model: Temperature Change (GFDL a1b) - 1870 - 2100 (Archived 5/16/23),387
,Climate Model: Temperature Change (GFDL b1) - 1870 - 2100 (Archived 5/16/23),57
,Sea Turtle Track: Gulf of Mexico (94-8002) (Archived 5/16/23),173
,Maven: Wet Mars Landing Sites,"231, 232"
,Sea Level Rise 1 Meter,355
,Biosphere: Marine Chlorophyll Concentration and Land Vegetation (with CO2 labels) (Retired 5/23/2023),45
,ETOPO2: Topography and Bathymetry (natural colors),106
,Sun: Iron Wavelength (AIA 193),
,Mercury: Topography,234
,Agriculture: Cropland Intensity,69
,Biosphere: Marine Chlorophyll Concentration and Land Vegetation (with CO2 graph) (Retired 5/23/2023),45
,Earthquakes: Cumulative - 1980 - 1995 (Archived 5/16/23),70
,Oil Spill: Deep Water Horizons - 2010 (Retired 5/23/2023),81
,Tropical Widening,100
,Moon: Surface Temperature,252
,Water Vapor: Hourly Model,144
,Climate Model: Temperature Change (Hadley b1) - 1870 - 2100 (Archived 5/16/23),388
,ETOPO2: Topography and Bathymetry (shaded colors),106
,Great White Shark Track,366
,Biosphere: Marine Chlorophyll Concentration Model,45
,Jupiter: Shoemaker-Levy Comet Collision (Archived 5/23/2023),211
,Land Surface Temperature - 1950 - 1999 (Archived 5/16/23),"629, 630, 631"
,Sea Ice Concentrations - 1978 - Present,428
,Globe NEO Biosphere 2007 monthly,158
,Biosphere: Marine Chlorophyll Concentration,45
,"Japan Tsunami Wave Heights - March 11, 2011",201
,Day/Night Terminator (with clouds),75
,Climate Model: Temperature Change (Hadley a1b) - 1870 - 2100 (Archived 5/16/23),387
,"Solar Eclipse Simulation (NASA) - April 8, 2024","602, 603, 604"
,Polar Orbiting: NASA A-Train Satellites (Archived 5/16/23),247
,Climate Model: Temperature Change (CCSM a1b) - 1870 - 2100 (Archived 5/16/23),57
,Sea Turtle Track: Gulf of Mexico (94-7293) (Archived 5/16/23),173
,Climate Model: Temperature Change (RCP 2.6) - 2006 - 2100,57
,Climate Model: Temperature Change (RCP 6.0) - 2006 - 2100,57
,Climate Model: Temperature Change (RCP 8.5) - 2006 - 2100,57
,Climate Model: Temperature Change (RCP 4.5) - 2006 - 2100,57
,Geostationary Satellites: Scanning Pattern (Archived 5/16/23),146
,Color Panorama from Phoenix Lander - 2008 (Archived 5/3/23),"507, 508, 509"
,Polar Orbiting: NOAA-17 Satellite Coverage,265
,Phoenix Mars Landing with Parachute - 2008 (Archived 5/3/23),293
,Paleo Geographic (frames),1
,Sea Surface Temperature Model,"336, 337, 338"
,Midnight Sun from Mars Phoenix Lander - 2008 (Archived 5/3/23),240
,Mapping the Winter Olympics 1924 - 2014,226
,Day/Night Terminator (single day),75
,Phoenix Mars Lander First Color Images - 2008 (Archived 5/3/23),292
,Climate Model: Temperature Change (CCSM b1) - 1870 - 2100 (Archived 5/16/23),57
,Climate Model: Sea Ice Change (GFDL a1b) 1861 - 2100 (Archived 5/16/23),"577, 578, 579"
,Known Universe,392
,Panoramic View of Mars from Phoenix Lander - 2008 (Archived 5/3/23),7
,Maven: Mars Landing Sites,"231, 232"
,Agriculture: Cropland Yield (current),69
,Climate Model: Temperature Change (Hadley e1) - 1860 - 2099 (Archived 5/16/23),388
,Climate Model: Temperature Change (Hadley a1b) - 1860 - 2099 (Archived 5/16/23),387
,Nighttime Lights - 2012,"566, 567"
,Winter Olympics: Medal Winners - 1924 - 2014,226
,Day/Night Terminator (hourly),75
,Moon: Topography,97
,Oregon Topography,
,Earth Topography and Bathymetry,106
,GLOBE: Students of the Earth Movie,165
,Pluto: Dwarf Planet (16K),459
,OA Ocean Acidification,271
,Mars: Slideshow of Viking Landing Sites with Pictures,"545, 546"
,SOS Coordinate System over Earth Background,370
,Global Fire Map 2009,154
,Hurricane Season: Water Vapor and SST - 2017,"444, 445, 446"
,Hurricane Season - 2020,3
,Hurricane Season - 2017,5
,Earthquake Magnitide Perspective,"570, 571, 572"
,Ariel: Uranus' Moon,39
,Titania: Uranus' Moon,399
,Exoplanet: Kepler-37b,115
,"Solar Eclipse Simulation (NOAA) - August 21, 2017","602, 603, 604"
,Aquaculture,36
,Dengue Fever - 2010,84
,Globe Schools,164
,Fireworks,492
,Fractals: Mandelbrot,558
,Space Geodesy: Charting the Size and Shape of the Earth,373
,Our Instrumented Earth,282
,COP15 Intro,64
,Hula - from Imiloa,178
,Hokulea - from Imiloa,179
,Mars - Landscape of Extremes,230
,Evolution of the Moon,650
,Forecast: Tropical Cyclones,136
,Frozen,138
,The Next Step,391
,Water Falls,423
,Flu Virus Model: H1N1 - 2009,153
,A Working Waterfront: Seaports of San Pedro Bay,14
,SOS Locations,371
,2 Billion More Coming to Dinner,2
,Energy Planet,266
,The Next Generation of NOAA,390
,NOAA Logo,262
,The Wanderers,393
,Return to the Moon,349
,"Changing Climate, Changing Ocean",59
,EarthNow: What does fracking mean to you?,101
,EarthNow: Tropical Widening,100
,Flow: Currents and Climate,133
,Loop,218
,Largest,215
,NOAA in Five Minutes,261
,SOS Promo Video,372
,Tsunami - 5-year Anniversary,404
,Bird Migration Patterns - Western Hemisphere,"551, 552, 553"
,Global Average Temperature Anomaly 2012,152
,Protecting Wildlife in a Changing Climate,300
,Blue Planet,52
,NOAA Promo 2,263
,Ocean in Motion,279
,Facebook with Status Layer,121
,Facebook Friendships,"120, 121"
,Extreme Weather,119
,OAR Promo,269
,Malaria Plasmodium Falciparium,224
,Malaria Plasmodium Vivax with Duffy-negative layer,225
,Cooking Up A Storm,63
,Energy Revolution,267
,Climate Model: Temperature Change Comparison (GFDL a1b and b1),197
,IPCC GFDL Precip Anomaly,196
,Ocean Circulation (labeled currents),274
,Sea Surface Salinity,360
,Ocean Acidification,271
,Weekly Sea Ice July 2005 - August 2007 (over EV),429
,Sea Surface Temp Monthly Sept 1981 - Dec 2006 from NEO,361
,Coral Reef Risk Outlook,476
,Sea Ice and Snow Cover Sept. 2005 - Sept. 2006,353
,Ocean Circulation (conveyor belts),275
,"Fleet Numerical SST (April 13, 2005 - October 31, 2006)",127
,Shipping Routes (with labels) - One Year,368
,Loggerhead Sea Turtle Tracks,217
,La Nina - 1988 - 1989,214
,El Nino - 1997 - 1998,103
,Sea Surface Temperature Anomalies - 1980 - 1999,254
,Sea Level Trends - 1993 - 2012,356
,Ocean Surface Winds,139
,Chile Tsunami 2014,60
,September Minimum Sea Ice Coverage 1979 - 2004 w/ Red 15% Concentration Line,364
,Ocean Drain (with colorized topography),276
,Ocean Drain (with gray bathymetry),277
,Ocean Drain (with land vegetation),278
,Sea Surface Height Anomaly,359
,Sea Surface Currents and Temperature (vegetation on land),"483, 484"
,Sea Surface Currents and Temperature (gray land),"483, 484"
,"Fleet Numerical SST Anomaly (April 13, 2005 - May 28, 2007)",128
,"Japan Earthquake, Tsunami Wave Propagation, and Wave Heights Combo",199
,"Japan Tsunami Wave Propagation - March 11, 2011",201
,Puerto Rico Hypothetical Tsunami,301
,Sea Level Rise: 10m Increments,355
,Sea Surface Currents,"249, 250, 251"
,Depth of 26 degree isotherm 2005,85
,Buoy Locations,433
,"Changing Climate, Changing Ocean",59
,Paleo Geographic Animation Portland,"286, 287"
,Chile Tsunami 2014,60
,Charon,469
,"Io, Moon of Jupiter - USGS",195
,Ceres,"448, 449"
,Pluto True Color,459
,Pluto Black and White,459
,Ice Mountains of Pluto,460
,Enceladus: Saturn's Moon,"642, 643, 644"
,Aerosols: FIM Chem Model - August 2015,"467, 468"
,Moon: Slideshow of Landing Sites and Pictures,"524, 525"
,Moon,92
,Enceladus: Saturn's Moon,"642, 643, 644"
,Io Volcanoes: Jupiter's Moon,422
,Io: Jupiter's Moon,"547, 548, 549"
,Triton: Neptune's Moon,"679, 680, 681"
,Moon: Topography,97
,Moon: Surface Slope,96
,Moon: Surface Roughness,95
,Sun: X-Ray - 2003,"439, 440, 441"
,Oberon: Uranus' Moon,270
,Miranda: Uranus' Moon,242
,Umbriel: Uranus' Moon,408
,Mars: Topography,234
,Dione: Saturn's Moon,86
,Rhea: Saturn's Moon,350
,Sun: Carrington Rotation Map - 2003,56
,Saturn (enhanced colors),"671, 672, 673"
,Saturn,"671, 672, 673"
,Pluto: Dwarf Planet - Images over time (1992-2015),"470, 471, 472"
,Charon: Pluto's Moon,469
,Aurora,41
,Pluto: Dwarf Planet,459
,Ganymede: Jupiter's Moon,"502, 503"
,Neptune,"667, 668, 669"
,Cosmic Microwave Background: WMAP (third year),432
,Cosmic Microwave Background: WMAP (first year),431
,Cosmic Microwave Background: WMAP (fifth year sequence),430
,Milky Way Panorama: Constellation Outlines,"518, 519, 520"
,Milky Way Panorama,30
,Milky Way Panorama: Alpha Centauri Label,"534, 535, 536"
,Mercury,236
,Mercury: Color Enhanced,"504, 505, 506"
,Titan: Saturn's Moon (colorized),"646, 647, 648"
,Titan: Saturn's Moon (black and white),397
,Tethys: Saturn's Moon,389
,Deimos: Mars' Moon,82
,Phobos: Mars' Moon,289
,Moon Transit from DSCOVR,"610, 611"
,Vesta: Asteroid,"510, 511, 512"
,Uranus,"675, 676, 677"
,"Solar Eclipse Simulation (NASA) - August 21, 2017","602, 603, 604"
,Phoebe: Saturn's Moon,290
,Venus: Venera Landing Sites and Pictures,416
,Venus: Topography,"659, 660, 661"
,Venus: Shaded Relief,413
,Venus: Radar Brightness,411
,"Venus: Animation of Clouds, Brightness, Topography",412
,All Sky Wide-field Infrared Survey Explorer Mosaic Image,"542, 543, 544"
,Exoplanet: Kepler-22b,114
,Exoplanet: Kepler-47c,116
,Exoplanet: Earth-like,99
,Exoplanet: Kepler-10b,113
,Exoplanet: Kepler-9b,112
,Ceres: Dwarf Planet,"448, 449"
,Callisto: Jupiter's Moon,"623, 624, 625"
,Iapetus: Saturn's Moon,189
,Hubble Telescope: Fornax Constellation,181
,Europa: Jupiter's Moon,"516, 517"
,Solar System to Scale: Sun and Planets,"497, 498, 499"
,Mimas: Saturn's Moon,"500, 501"
,Moon Phases,"606, 607, 608"
,Sun: Helium Wavelength (AIA 304),177
,Jupiter: Two Red Spots - 2007,212
,Jupiter (movie),"530, 531, 532"
,Jupiter (still),"530, 531, 532"
,Jupiter: Hubble Space Telescope Sequence - 2007,208
,Mars,"344, 345, 346"
,Mars Magnetic Map,233
,Age of the Seafloor iso lines black,25
,Agriculture: Food vs. Feed,134
,Nighttime Lights,"566, 567"
,Nighttime Lights (colorized),62
,Global Fire Map 2007,155
,Global Fire Map 2000,154
,GRACE by JPL,168
,Agriculture: Cropland Yield (potential),69
,Agriculture: Cropland Production Gap,67
,Blue Marble - Seasonal,362
,Blue Marble: with Topography - Seasonal,50
,Blue Marble: with Topography and Bathymetry,51
,Earth Image with shaded Ocean,90
,Blue Marble,"526, 527, 528"
,Earthquakes of the 20th Century,"690, 691, 692"
,Topography and Bathymetry with Nighttime Lights,401
,Fire Observations and Vegetation - 2002 - 2011,156
,Magnetic Declination with Earth Shaded background,221
,ETOPO1: Topography and Bathymetry,106
,Plate Movement - 200 Million Years Ago to Today,"598, 599, 600"
,Blue Marble and Nighttime Lights,"477, 529"
,Day/Night Terminator (daily),75
,EMAG2 with iso lines black,104
,Koppen-Geiger Climate Changes - 1901 - 2100,473
,Earthquakes - 2001-2015,"559, 560, 561"
,Bird Migration Patterns - Western Hemisphere,"551, 552, 553"
,Future Plate Tectonics - 250 million years,141
,GUPS Aircraft and Dropsonde Track,174
,"ACARS 24hr Wind Measurements 30,000ft to 45,000ft",15
,"ACARS 24hr Wind Measurements, surface to 30,000ft",16
,ACARS track 24hr time sequence 07-21-04,17
,Aerosols: Black Carbon and Sulfate,20
,Aerosols: Black Carbon,21
,Aerosols: Sulfate,22
,Temperature Anomaly: Monthly (NASA) - 1884 - 2012,537
,Hurricane Season - 2004,3
,International Space Station Track,"513, 514, 515"
,Precipitable Water - Antarctic Expedition - 1902 - 1903,296
,Precipitable Water - El Nino - 1917 - 1919,298
,Precipitable Water - Galveston Hurricane - 1900,299
,Hurricane Season - 2012,5
,300mb Temperature by AIRS (11/1/05 - 11/1/06),6
,925mb Temperature by AIRS (11/1/05 - 11/1/06),12
,500mb Temperature by AIRS (11/1/05 - 11/1/06),10
,1000 - 700 mb Precipitable Water by AIRS (11/1/05 - 11/1/06),13
,700 - 500 mb Precipitable Water by AIRS (11/1/05 - 11/1/06),11
,500 - 100 mb Precipitable Water by AIRS (11/1/05 - 11/1/06),9
,Lightning Flash Rate,34
,Aerosols: FIM Chem Model,122
,Typhoon Haiyan: Water Vapor and SST - Oct - Nov 2013,407
,Typhoon Haiyan - Oct - Nov 2013,406
,Atmospheric Chemistry: GEOS-5 Model,"485, 486, 487"
,Carbon Dioxide Concentration: GEOS-5 Model,"489, 490, 491"
,Water Vapor: GEOS-5 Model,144
,Winds: GEOS-5 Model,145
,CarbonTracker (2004 Carbon Plumes),55
,Hurricane Season: Water Vapor and SST - 2005,"444, 445, 446"
,Hurricane Season - 2005,"574, 575, 576"
,NOAA Satellite Positions,264
,Polar Orbiting: NOAA Satellite Tracks,265
,Carbon Flux,54
,Swath: Net Radiation Flux Compared to Clouds,383
,Swath: Incoming Solar Flux Compared to Clouds,381
,Swath: Outgoing Longwave Flux Compared to Clouds,384
,Polar Orbiting: Aqua Satellite and MODIS Swath,35
,Global Average Temperature Anomaly 2010,151
,Global Average Temperature Anomaly 2012,152
,Satellites: Paths and Positions,29
,Globe NEO Cloud Fraction 2007 monthly,161
,Globe NEO Aerosol 2007 monthly,158
,Globe NEO Surface Temperature 2007 monthly,162
,Carbon Monoxide - 2000,40
,Air Traffic,"521, 522, 523"
